SKU;Nazov;Pocet_ks;URL
VXMK3B-SB;VOX Mark III Bass SB;0;https://www.music-park.sk/produkt/elektricke-baskytary/9/mark-iii-bass-sb
MBH110017;Markbass Bass Multiamp;0;https://www.music-park.sk/produkt/baskytarove-zesilovace/18/bass-multiamp
MBH110018;Markbass Bass Multiamp S;0;https://www.music-park.sk/produkt/baskytarove-zesilovace/19/bass-multiamp-s
KR200422030101;KORG Nautilus AT-61 Upgrade kit;1;https://www.music-park.sk/produkt/pracovni-stanice/24/nautilus-at-61-upgrade-kit
KR200422160101;KORG Nautilus AT-88 Upgrade kit;5;https://www.music-park.sk/produkt/pracovni-stanice/25/nautilus-at-88-upgrade-kit
KRPA4X61O;KORG Pa4X Oriental 61;0;https://www.music-park.sk/produkt/aranzery/50/pa4x-oriental-61
VXSTCONTINENT;VOX ST-Continental;0;https://www.music-park.sk/produkt/klavesove-stojany/51/st-continental
QL10.00731;Quik Lok MS/320;5;https://www.music-park.sk/produkt/notove-stojany/52/ms-320
QL10.00097;Quik Lok MS/329;5;https://www.music-park.sk/produkt/stojany-na-mikrofon/53/ms-329
KRPC550BK;KORG PC-550-BK;0;https://www.music-park.sk/produkt/stolicky-a-lavice/58/pc-550-bk
QLSZ71A;Quik Lok Z-71 ALU;0;https://www.music-park.sk/produkt/klavesove-stojany/60/z-71-alu
KRSQVOLCARACK4;Sequenz Volca rack 4x3;0;https://www.music-park.sk/produkt/klavesove-stojany/67/volca-rack-4x3
PHSAF2000;Phonic Safari 2000;2;https://www.music-park.sk/produkt/reproboxy/70/safari-2000
PHSAF3000;Phonic Safari 3000;0;https://www.music-park.sk/produkt/reproboxy/71/safari-3000
PHSM300A;Phonic Smartman 300A;20;https://www.music-park.sk/produkt/reproboxy/72/smartman-300a
PHSM700A;Phonic Smartman 700A;0;https://www.music-park.sk/produkt/reproboxy/73/smartman-700a
QL10.00241;Quik Lok Z/731;5;https://www.music-park.sk/produkt/klavesove-stojany/77/z-731
KRMINILOGUE;KORG Minilogue;10;https://www.music-park.sk/produkt/analogove-syntezatory/78/minilogue
KRMINILOGUEPG;KORG Minilogue PG;0;https://www.music-park.sk/produkt/analogove-syntezatory/79/minilogue-pg
KRMNT;KORG Monotron;0;https://www.music-park.sk/produkt/analogove-syntezatory/80/monotron
KRMNTB;KORG Monotribe;0;https://www.music-park.sk/produkt/analogove-syntezatory/81/monotribe
KRMONODELAY;KORG Monotron DELAY;20;https://www.music-park.sk/produkt/analogove-syntezatory/82/monotron-delay
KRMONODUO;KORG Monotron DUO;20;https://www.music-park.sk/produkt/analogove-syntezatory/83/monotron-duo
KRMONOLOGBK;KORG Monologue Black;1;https://www.music-park.sk/produkt/analogove-syntezatory/84/monologue-black
KRMONOLOGBL;KORG Monologue Blue;5;https://www.music-park.sk/produkt/analogove-syntezatory/85/monologue-blue
KRMONOLOGGD;KORG Monologue Gold;0;https://www.music-park.sk/produkt/analogove-syntezatory/86/monologue-gold
KRMONOLOGRD;KORG Monologue Red;0;https://www.music-park.sk/produkt/analogove-syntezatory/87/monologue-red
KRMONOLOGSV;KORG Monologue Silver;10;https://www.music-park.sk/produkt/analogove-syntezatory/88/monologue-silver
KRMS20KIT;KORG MS-20 Kit;0;https://www.music-park.sk/produkt/analogove-syntezatory/89/ms-20-kit
KRMS20MINI;KORG MS-20 mini;5;https://www.music-park.sk/produkt/analogove-syntezatory/90/ms-20-mini
KRMS20MKSQ1;KORG MS-20M Kit;0;https://www.music-park.sk/produkt/analogove-syntezatory/92/ms-20m-kit
KRPROLOGUE16;KORG Prologue-16;0;https://www.music-park.sk/produkt/analogove-syntezatory/93/prologue-16
KRPROLOGUE8;KORG Prologue-8;0;https://www.music-park.sk/produkt/analogove-syntezatory/94/prologue-8
KRARODY;ARP ARP Odyssey;0;https://www.music-park.sk/produkt/analogove-syntezatory/95/arp-odyssey
KRARODYBG;ARP ARP Odyssey Rev2;0;https://www.music-park.sk/produkt/analogove-syntezatory/96/arp-odyssey-rev2
KRARODYFSQ1;ARP ARP Odyssey FSQ1;0;https://www.music-park.sk/produkt/analogove-syntezatory/97/arp-odyssey-fsq1
KRARODYFSQ2;ARP ARP Odyssey FSQ2;0;https://www.music-park.sk/produkt/analogove-syntezatory/98/arp-odyssey-fsq2
KRARODYFSQ3;ARP ARP Odyssey FSQ3;0;https://www.music-park.sk/produkt/analogove-syntezatory/99/arp-odyssey-fsq3
KRARODYMRV1;ARP ARP Odyssey Module Rev1;0;https://www.music-park.sk/produkt/analogove-syntezatory/100/arp-odyssey-module-rev1
